2020-10-14 23:29:35,1
2020-10-14 23:29:36,2
2020-10-14 23:29:37,3
2020-10-14 23:29:38,4
2020-10-14 23:29:39,5
2020-10-14 23:29:40,6
2020-10-14 23:29:41,7
2020-10-14 23:29:42,8
2020-10-14 23:29:43,9
2020-10-14 23:29:44,10
2020-10-14 23:29:45,11
2020-10-14 23:29:46,12
2020-10-14 23:29:47,13
2020-10-14 23:29:48,14
2020-10-14 23:29:49,15
2020-10-14 23:29:50,16
2020-10-14 23:29:51,17
2020-10-14 23:29:52,18
2020-10-14 23:29:53,19
2020-10-14 23:29:54,20
2020-10-14 23:29:55,21
2020-10-14 23:29:56,22
2020-10-14 23:29:57,23
2020-10-14 23:29:58,24
2020-10-14 23:29:59,25
2020-10-14 23:30:00,26
2020-10-14 23:30:01,27
2020-10-14 23:30:02,28
2020-10-14 23:30:03,29
2020-10-14 23:30:04,30
2020-10-14 23:30:05,31
2020-10-14 23:30:06,32
2020-10-14 23:30:07,33
